<Bindings>
    <!-- <Binding name="ZEKILI_TOGGLE_PAUSE" header="ZEKILI_HEADER">Zekili:TogglePause();</Binding>
    <Binding name="ZEKILI_SNAPSHOT">Zekili:MakeSnapshot();</Binding>
    <Binding name="ZEKILI_TOGGLE_COOLDOWNS">Zekili:ToggleCooldowns();</Binding>
    <Binding name="ZEKILI_TOGGLE_ARTIFACT">Zekili:ToggleArtifact();</Binding>
    <Binding name="ZEKILI_TOGGLE_POTIONS">Zekili:TogglePotions();</Binding>
    <Binding name="ZEKILI_TOGGLE_INTERRUPTS">Zekili:ToggleInterrupts();</Binding>
    <Binding name="ZEKILI_TOGGLE_MODE">Zekili:ToggleMode();</Binding>
    <Binding name="ZEKILI_TOGGLE_1">Zekili:ToggleCustom(1);</Binding>
    <Binding name="ZEKILI_TOGGLE_2">Zekili:ToggleCustom(2);</Binding>
    <Binding name="ZEKILI_TOGGLE_3">Zekili:ToggleCustom(3);</Binding>
    <Binding name="ZEKILI_TOGGLE_4">Zekili:ToggleCustom(4);</Binding>
    <Binding name="ZEKILI_TOGGLE_5">Zekili:ToggleCustom(5);</Binding> -->
</Bindings>
